{
"sections": {
"main-product": {
"type": "main-product",
"blocks": {
"gallery_1": {
"type": "gallery_image",
"settings": {
"image": "landing-product-browser1.PNG",
"alt": "Product main view"
}
},
"gallery_2": {
"type": "gallery_image",
"settings": {
"image": "landing-product-browser2.PNG",
"alt": "Product detail view"
}
},
"gallery_3": {
"type": "gallery_image",
"settings": {
"image": "landing-product-browser3.PNG",
"alt": "Product usage"
}
},
"gallery_4": {
"type": "gallery_image",
"settings": {
"image": "landing-product-browser4.PNG",
"alt": "Product packaging"
}
},
"gallery_5": {
"type": "gallery_image",
"settings": {
"image": "landing-product-browser5.PNG",
"alt": "Product ingredients"
}
},
"gallery_6": {
"type": "gallery_image",
"settings": {
"image": "landing-product-browser6.PNG",
"alt": "Product benefits"
}
},
"gallery_7": {
"type": "gallery_image",
"settings": {
"image": "landing-product-browser7.PNG",
"alt": "Product comparison"
}
},
"gallery_8": {
"type": "gallery_image",
"settings": {
"image": "landing-product-browser8.PNG",
"alt": "Product results"
}
},
"benefit_1": {
"type": "benefit",
"settings": {
"text": "Fast results in 2 weeks"
}
},
"benefit_2": {
"type": "benefit",
"settings": {
"text": "100% natural ingredients"
}
},
"benefit_3": {
"type": "benefit",
"settings": {
"text": "Veterinarian approved"
}
}
},
"settings": {
"show_benefits_above": true,
"layout": "tabs",
"tab_nutrition": true,
"nutrition_content": "<p>"
}
},
"product-benefits": {
"type": "product-benefits",
"blocks": {
"benefit_1": {
"type": "benefit",
"settings": {
"title": "Visible Results",
"desc": "See changes in just 2 weeks",
"icon": ""
}
},
"benefit_2": {
"type": "benefit",
"settings": {
"title": "Natural Formula",
"desc": "100% safe ingredients",
"icon": ""
}
},
"mid_section": {
"type": "mid_section",
"settings": {
"image": "mid-section1.PNG",
"alt": "Product benefits"
}
},
"benefit_3": {
"type": "benefit",
"settings": {
"title": "Vet Approved",
"desc": "Recommended by professionals",
"icon": ""
}
},
"benefit_4": {
"type": "benefit",
"settings": {
"title": "Easy to Use",
"desc": "Simple daily routine",
"icon": ""
}
},
"mid_section_2": {
"type": "mid_section",
"settings": {
"image": "mid-section2.PNG",
"alt": "How to use"
}
}
},
"settings": {
"heading": "Why Customers Love This",
"show_before_after": true,
"before_image": "cambios-section-before.PNG",
"after_image": "cambios-section-after.PNG",
"bg_color": "#ffffff"
}
},
"product-reviews": {
"type": "product-reviews",
"blocks": {
"review_1": {
"type": "review",
"settings": {
"name": "Raúl G.",
"rating": 5,
"comment": "My dog's coat is shinier than ever! Highly recommend.",
"avatar": "",
"photo": "Raúl-comment.PNG"
}
},
"review_2": {
"type": "review",
"settings": {
"name": "Valentina M.",
"rating": 5,
"comment": "Noticeable difference in energy levels. Great product!",
"avatar": "",
"photo": "valentina-comment.PNG"
}
},
"review_3": {
"type": "review",
"settings": {
"name": "Valeria S.",
"rating": 5,
"comment": "Vet was impressed with the results. Will buy again!",
"avatar": "",
"photo": "valeria-Comment.PNG"
}
}
},
"settings": {
"show_reviews": true,
"heading": "Customer Reviews",
"per_row": 3,
"bg_color": "#f9fafb"
}
},
"product-faq": {
"type": "product-faq",
"blocks": {
"faq_1": {
"type": "faq",
"settings": {
"question": "How long does shipping take?",
"answer": "<p>"
}
},
"faq_2": {
"type": "faq",
"settings": {
"question": "Is it safe for all dog breeds?",
"answer": "<p>"
}
},
"faq_3": {
"type": "faq",
"settings": {
"question": "When will I see results?",
"answer": "<p>"
}
}
},
"settings": {
"show_faq": true,
"heading": "Frequently Asked Questions",
"bg_color": "#ffffff",
"close_others": false
}
},
"product-social-proof": {
"type": "product-social-proof",
"blocks": {
"testimonial_1": {
"type": "testimonial",
"settings": {
"customer_photo": "",
"customer_name": "Maria G.",
"location": "Barcelona, ES",
"testimonial": "My dog loves it and I can see the difference!"
}
},
"testimonial_2": {
"type": "testimonial",
"settings": {
"customer_photo": "",
"customer_name": "Carlos R.",
"location": "Madrid, ES",
"testimonial": "Vet recommended, customer approved!"
}
}
},
"settings": {
"enable": true,
"heading": "Real Customer Results",
"layout": "grid",
"bg_color": "#ffffff"
}
},
"product-sticky-atc": {
"type": "product-sticky-atc",
"settings": {
"enable": true,
"button_text": "Buy Now",
"shipping_text": "Free shipping",
"scroll_distance": 400,
"btn_bg": "#8e2de2",
"btn_text_color": "#ffffff"
}
}
},
"order": [
"main-product",
"product-benefits",
"product-reviews",
"product-faq",
"product-social-proof",
"product-sticky-atc"
]
}
