[
{
  "name": "theme_info",
  "theme_name": "Vithalia Clone",
  "theme_version": "1.0.0",
  "theme_author": "Shopify Developer",
  "theme_support_email": "support@vithalia.com",
  "theme_documentation_url": "https://www.vithalia.com/docs"
},
  {
    "name": "Colors",
    "settings": [
      {
        "type": "header",
        "content": "Brand Colors"
      },
      {
        "type": "color",
        "id": "color_primary",
        "label": "Primary Color",
        "default": "#8e2de2"
      },
      {
        "type": "color",
        "id": "color_secondary",
        "label": "Secondary Color",
        "default": "#4a00e0"
      },
      {
        "type": "color",
        "id": "color_accent",
        "label": "Accent Color",
        "default": "#f59e0b"
      },
      {
        "type": "color",
        "id": "color_success",
        "label": "Success Color",
        "default": "#10b981"
      },
      {
        "type": "color",
        "id": "color_error",
        "label": "Error Color",
        "default": "#ef4444"
      }
    ]
  },
  {
    "name": "Typography",
    "settings": [
      {
        "type": "header",
        "content": "Fonts"
      },
      {
        "type": "font_picker",
        "id": "font_body",
        "label": "Body Font",
        "default": "inter_n4"
      },
      {
        "type": "font_picker",
        "id": "font_heading",
        "label": "Heading Font",
        "default": "inter_n7"
      },
      {
        "type": "range",
        "id": "font_size_base",
        "label": "Base Font Size (px)",
        "min": 14,
        "max": 20,
        "step": 1,
        "default": 16,
        "unit": "px"
      }
    ]
  }
  // ... acá van los demás bloques (Buttons, Header, Footer) separados por comas
]
